MR,Type,Date,Description,Montant
MR000,Mécanique,31 juillet 2025,MEC ST-BONIFACE,91.00
MR000,Pneus,31 juillet 2025,ENTREPOT DU PNEU,543.95
MR000,Mécanique,31 juillet 2025,Réparation générale,840.00
MR001,Mécanique,20 août 2025,chez raf,91.25
MR001,Carrosserie,1 août 2025,chris est auto,800.00
MR001,Mécanique,6 mai 2025,renr jalbert,777.05
MR001,Autre,7 août 2025,black fox,140.00
MR001,Mécanique,2 juillet 2025,chez raf,657.57
MR001,Autre,20 août 2025,j leblanc,119.07
MR001,Carrosserie,21 août 2025,chris est auto,100.00
MR001,Autre,0000-00-00,market place,150.00
MR001,Autre,0000-00-00,pad,100.00
MR004,Autre,5 mai 2025,nissan tr auto,2800.00
MR004,Carrosserie,28 mai 2025,mec st-bo,803.13
MR004,Autre,0000-00-00,pad,100.00
MR006,Autre,10 mai 2025,AUTO,6000.00
MR006,Carrosserie,11 juin 2025,DEBO ST-BO,350.00
MR006,Mécanique,0000-00-00,HYUNDAI RT,456.97
MR006,Pneus,4 juin 2025,entrepot pneu,668.04
MR006,Mécanique,30 mai 2025,point s,612.80
MR006,Mécanique,0000-00-00,dona,800.00
MR006,Carrosserie,1 octobre 2025,x boss,150.00
